Sequencing_ID,Tag,DNA_Origin,Chip_number,Chip_position,Barcode_name,Barcode_Seq,Barcode_well,Barcode_Plate,Sample_Origin,Sample_status
P1_DO182,DO182,Oocyst,1,A1,FLD0001,GTATCGTCGT,A1,A1,Soay_Sheep,Test
P1_DO127,DO127,Oocyst,1,B1,FLD0002,GTGTATGCGT,B1,A1,Soay_Sheep,Test
P1_DO246,DO246,Oocyst,1,C1,FLD0003,TGCTCGTAGT,C1,A1,Soay_Sheep,Test
P1_BO585,BO585,Oocyst,1,D1,FLD0004,GTCGTCGTCT,D1,A1,Soay_Sheep,Test
P1_DY178,DY178,Oocyst,1,E1,FLD0005,GTGCGTGTGT,E1,A1,Soay_Sheep,Test
P1_PB03,PB_03,Faeces,1,F1,FLD0006,GCGTCGTGTA,F1,A1,Mouse,Spiked
P1_DO213,DO213,Oocyst,1,G1,FLD0007,GTCGTGTACT,G1,A1,Soay_Sheep,Test
P1_DO174,DO174,Oocyst,1,H1,FLD0008,GATGTAGCGT,H1,A1,Soay_Sheep,Test
P1_CR526,CR526,Oocyst,1,A2,FLD0009,GAGTGATCGT,A2,A1,Soay_Sheep,Test
P1_DY150,DY150,Oocyst,1,B2,FLD0010,CGCTATCAGT,B2,A1,Soay_Sheep,Test
P1_DO179,DO179,Oocyst,1,C2,FLD0011,CGCTGTAGTC,C2,A1,Soay_Sheep,Test
P1_PB07,PB_07,Faeces,1,D2,FLD0012,GCTAGTGAGT,D2,A1,Soay_Sheep,Test
P1_DO198,DO198,Oocyst,1,E2,FLD0013,GAGCTAGTGA,E2,A1,Soay_Sheep,Test
P1_Eimeria0,Eimeria_0,Oocyst,1,F2,FLD0014,CGTGCTGTCA,F2,A1,Eimeria,Standard
P1_CO248,CO248,Sporocysts,1,G2,FLD0015,GATCGTCTCT,G2,A1,Soay_Sheep,Test
P1_CO595,CO595,Oocyst,1,H2,FLD0016,GTGCTGTCGT,H2,A1,Soay_Sheep,Test
P1_Eimeria6,Eimeria_6,Oocyst,1,A3,FLD0017,TGAGCGTGCT,A3,A1,Eimeria,Standard
P1_DO181,DO181,Sporocysts,1,B3,FLD0018,CATGTCGTCA,B3,A1,Soay_Sheep,Test
P1_PB01,PB_01,Faeces,1,C3,FLD0019,TCAGTGTCTC,C3,A1,Soay_Sheep,Test
P1_DY225,DY225,Oocyst,1,D3,FLD0020,GTGCTCATGT,D3,A1,Soay_Sheep,Test
P1_CW624,CW624,Oocyst,1,E3,FLD0021,CGTATCTCGA,E3,A1,Soay_Sheep,Test
P1_Eimeria2,Eimeria_2,Oocyst,1,F3,FLD0022,GTCATGCGTC,F3,A1,Eimeria,Standard
P1_DO214,DO214,Oocyst,1,G3,FLD0023,CTATGCGATC,G3,A1,Soay_Sheep,Test
P1_DY221,DY221,Oocyst,1,H3,FLD0024,TGCTATGCTG,H3,A1,Soay_Sheep,Test
P1_DO230,DO230,Oocyst,1,A4,FLD0025,TGTGTGCATG,A4,A1,Soay_Sheep,Test
P1_CO579,CO579,Oocyst,1,B4,FLD0026,GAGTGTCACT,B4,A1,Soay_Sheep,Test
P1_Eimeria1,Eimeria_1,Oocyst,1,C4,FLD0027,CTAGTCTCGT,C4,A1,Eimeria,Standard
P1_CL016,CL016,Oocyst,1,D4,FLD0028,GAGTGCATCT,D4,A1,Soay_Sheep,Test
P1_DY277,DY277,Oocyst,1,E4,FLD0029,TGCGTAGTCG,E4,A1,Soay_Sheep,Test
P1_PB02,PB_02,Faeces,1,F4,FLD0030,CTGTGTCGTC,F4,A1,Mouse,Spiked
P1_PB05,PB_05,Faeces,1,G4,FLD0031,CTGTAGTGCG,G4,A1,Mouse,Spiked
P1_DO244,DO244,Oocyst,1,H4,FLD0032,GTGCGCTAGT,H4,A1,Soay_Sheep,Test
P1_DO104,DO104,Oocyst,1,A5,FLD0033,TGTGCTCGCA,A5,A1,Soay_Sheep,Test
P1_Eimeria3,Eimeria_3,Oocyst,1,B5,FLD0034,GATGCGAGCT,B5,A1,Eimeria,Standard
P1_DO172,DO172,Oocyst,1,C5,FLD0035,CTGTACGTGA,C5,A1,Soay_Sheep,Test
P1_DO197,DO197,Oocyst,1,D5,FLD0036,GCGATGATGA,D5,A1,Soay_Sheep,Test
P1_PB06,PB_06,Faeces,1,E5,FLD0037,TGTCGAGTCA,E5,A1,Mouse,Spiked
P1_DO208,DO208,Oocyst,1,F5,FLD0038,GTCTACTGTC,F5,A1,Soay_Sheep,Test
P1_DO216,DO216,Oocyst,1,G5,FLD0039,CAGTCAGAGT,G5,A1,Soay_Sheep,Test
P1_CW078,CW078,Oocyst,1,H5,FLD0040,CGCAGTCTAT,H5,A1,Soay_Sheep,Test
P1_PB04,PB_04,Faeces,1,A6,FLD0041,GTATGAGCAC,A6,A1,Mouse,Spiked
P1_NTC,NTC,Negative,1,B6,FLD0042,CGAGTGCTGT,B6,A1,Water,Control
P1_CR076,CR076,Oocyst,1,C6,FLD0043,TATAGCACGC,C6,A1,Soay_Sheep,Test
P1_ZymoPositive,Zymo_Positive,Positive,1,D6,FLD0044,TCATGCGCGA,D6,A1,Mock,Control
P1_Eimeria4,Eimeria_4,Oocyst,1,E6,FLD0045,TATGCGCTGC,E6,A1,Eimeria,Standard
P1_BL545,BL545,Oocyst,1,F6,FLD0046,TCTCTGTGCA,F6,A1,Soay_Sheep,Test
P1_CO578,CO578,Oocyst,1,G6,FLD0047,CTATCGCGTG,G6,A1,Soay_Sheep,Test
P1_Eimeria5,Eimeria_5,Oocyst,1,H6,FLD0048,TACGCTGCTG,H6,A1,Eimeria,Standard
P2_DO179,DO179,Oocyst,2,A1,FLD0049,CTGCATGATC,A7,A1,Soay_Sheep,Test
P2_Eimeria4,Eimeria_4,Oocyst,2,B1,FLD0050,CGCGTATCAT,B7,A1,Eimeria,Standard
P2_DO182,DO182,Oocyst,2,C1,FLD0051,GTATCTCTCG,C7,A1,Soay_Sheep,Test
P2_CW078,CW078,Oocyst,2,D1,FLD0052,GCTCATATGC,D7,A1,Soay_Sheep,Test
P2_DY221,DY221,Oocyst,2,E1,FLD0053,CACTATGTCG,E7,A1,Soay_Sheep,Test
P2_PB06,PB_06,Faeces,2,F1,FLD0054,TAGCGCGTAG,F7,A1,Mouse,Spiked
P2_DO214,DO214,Oocyst,2,G1,FLD0055,CGTCACAGTA,G7,A1,Soay_Sheep,Test
P2_BO585,BO585,Oocyst,2,H1,FLD0056,TCGCGTGAGA,H7,A1,Soay_Sheep,Test
P2_DY225,DY225,Oocyst,2,A2,FLD0057,TACATCGCTG,A8,A1,Soay_Sheep,Test
P2_DO230,DO230,Oocyst,2,B2,FLD0058,GTGAGAGACA,B8,A1,Soay_Sheep,Test
P2_DO127,DO127,Oocyst,2,C2,FLD0059,GACTGTACGT,C8,A1,Soay_Sheep,Test
P2_PB03,PB_03,Faeces,2,D2,FLD0060,GCACGTAGCT,D8,A1,Mouse,Spiked
P2_DO198,DO198,Oocyst,2,E2,FLD0061,TCACGCTATG,E8,A1,Soay_Sheep,Test
P2_DY277,DY277,Oocyst,2,F2,FLD0062,CGTACTACGT,F8,A1,Soay_Sheep,Test
P2_CR076,CR076,Oocyst,2,G2,FLD0063,CAGCTGAGTA,G8,A1,Soay_Sheep,Test
P2_DO197,DO197,Oocyst,2,H2,FLD0064,GAGATCAGTC,H8,A1,Soay_Sheep,Test
P2_DO213,DO213,Oocyst,2,A3,FLD0065,TACTGAGCTG,A9,A1,Soay_Sheep,Test
P2_Eimeria2,Eimeria_2,Oocyst,2,B3,FLD0066,TAGTAGCGCG,B9,A1,Eimeria,Standard
P2_DY150,DY150,Oocyst,2,C3,FLD0067,GACGTCTGCT,C9,A1,Soay_Sheep,Test
P2_PB05,PB_05,Faeces,2,D3,FLD0068,GTACTCGCGA,D9,A1,Mouse,Spiked
P2_DO216,DO216,Oocyst,2,E3,FLD0069,TCTGAGCGCA,E9,A1,Soay_Sheep,Test
P2_CO248,CO248,Sporocysts,2,F3,FLD0070,TAGACGTGCT,F9,A1,Soay_Sheep,Test
P2_CO578,CO578,Oocyst,2,G3,FLD0071,GTGACTCGTC,G9,A1,Soay_Sheep,Test
P2_CR526,CR526,Oocyst,2,H3,FLD0072,TCGAGTAGCG,H9,A1,Soay_Sheep,Test
P2_CO579,CO579,Oocyst,2,A4,FLD0073,CGTATGATGT,A10,A1,Soay_Sheep,Test
P2_PB02,PB_02,Faeces,2,B4,FLD0074,TAGTCTGTCA,B10,A1,Mouse,Spiked
P2_PB01,PB_01,Faeces,2,C4,FLD0075,TGTCTCTATC,C10,A1,Mouse,Spiked
P2_Eimeria3,Eimeria_3,Oocyst,2,D4,FLD0076,CTAGAGTATC,D10,A1,Eimeria,Standard
P2_Eimeria5,Eimeria_5,Oocyst,2,E4,FLD0077,TATCATGTGC,E10,A1,Eimeria,Standard
P2_PB07,PB_07,Faeces,2,F4,FLD0078,CATGAGTGTA,F10,A1,Mouse,Spiked
P2_DO208,DO208,Oocyst,2,G4,FLD0079,TGTCGTCATA,G10,A1,Soay_Sheep,Test
P2_CL016,CL016,Oocyst,2,H4,FLD0080,TATCTCATGC,H10,A1,Soay_Sheep,Test
P2_NTC,NTC,Negative,2,A5,FLD0081,TGTGTCACTA,A11,A1,Water,Control
P2_DO104,DO104,Oocyst,2,B5,FLD0082,TATCGATGCT,B11,A1,Soay_Sheep,Test
P2_DO244,DO244,Oocyst,2,C5,FLD0083,TAGAGTCTGT,C11,A1,Soay_Sheep,Test
P2_ZymoPositive,Zymo_Positive,Positive,2,D5,FLD0084,CATGCATCAT,D11,A1,Mock,Control
P2_DO246,DO246,Oocyst,2,E5,FLD0085,TGATCAGTCA,E11,A1,Soay_Sheep,Test
P2_DO181,DO181,Sporocysts,2,F5,FLD0086,CGTCTATGAT,F11,A1,Soay_Sheep,Test
P2_DO174,DO174,Oocyst,2,G5,FLD0087,GTGATACTGA,G11,A1,Soay_Sheep,Test
P2_DY178,DY178,Oocyst,2,H5,FLD0088,CTAGATCTGA,H11,A1,Soay_Sheep,Test
P2_Eimeria1,Eimeria_1,Oocyst,2,A6,FLD0089,TATCAGTCTG,A12,A1,Eimeria,Standard
P2_PB04,PB_04,Faeces,2,B6,FLD0090,TCAGATGCTA,B12,A1,Mouse,Spiked
P2_CW624,CW624,Oocyst,2,C6,FLD0091,TATGTACGTG,C12,A1,Soay_Sheep,Test
P2_CO595,CO595,Oocyst,2,D6,FLD0092,CTATACAGTG,D12,A1,Soay_Sheep,Test
P2_Eimeria6,Eimeria_6,Oocyst,2,E6,FLD0093,TGATACTCTG,E12,A1,Eimeria,Standard
P2_BL545,BL545,Oocyst,2,F6,FLD0094,TCAGCGATAT,F12,A1,Soay_Sheep,Test
P2_Eimeria0,Eimeria_0,Oocyst,2,G6,FLD0095,CTACTGATGA,G12,A1,Eimeria,Standard
P2_DO172,DO172,Oocyst,2,H6,FLD0096,GTAGTACACA,H12,A1,Soay_Sheep,Test
